{
    "0": [0.20884049, 0.63785382],
    "1": [0.3815457, -0.07913863],
    "2": [-0.47329615, 0.48814794],
    "3": [0.51269761, -1],
    "4": [-0.62978766, -0.04686313]
   }
